[{"fields": {"description": "N/A", "type_marche": "Consommation"}, "pk": 1, "model": "prix_marche.typemarche"}, {"fields": {"description": "N/A", "type_marche": "Production"}, "pk": 2, "model": "prix_marche.typemarche"}, {"fields": {"description": "", "type_marche": "Regroupement"}, "pk": 3, "model": "prix_marche.typemarche"}, {"fields": {"nom_marche": "Gros Morne", "hauteur": "0.000000", "principale": true, "jour": "lundi", "limite": 2055, "typemarche": 3, "coordonnees_x_y": "18.7806224,-72.0668152"}, "pk": 1, "model": "prix_marche.marche"}, {"fields": {"nom_marche": "Cayes(Ville)", "hauteur": "21.000000", "principale": true, "jour": "lundi", "limite": 103, "typemarche": 1, "coordonnees_x_y": "18.192933,-73.746817"}, "pk": 2, "model": "prix_marche.marche"}, {"fields": {"nom_marche": "Tiburon(Ville)", "hauteur": "20.000000", "principale": false, "jour": "lundi", "limite": 120, "typemarche": 2, "coordonnees_x_y": "18.328583,-74.395117"}, "pk": 3, "model": "prix_marche.marche"}, {"fields": {"nom_marche": "Aquin", "hauteur": "0.000000", "principale": false, "jour": "mercredi", "limite": 112, "typemarche": 2, "coordonnees_x_y": null}, "pk": 4, "model": "prix_marche.marche"}, {"fields": {"nom_marche": "Maniche", "hauteur": "89.000000", "principale": false, "jour": "lundi", "limite": 2158, "typemarche": 2, "coordonnees_x_y": "18.350000,-73.766667"}, "pk": 5, "model": "prix_marche.marche"}, {"fields": {"nom_marche": "Les Anglais(Ville)", "hauteur": "10.000000", "principale": false, "jour": "lundi", "limite": 119, "typemarche": 2, "coordonnees_x_y": "18.308983,-74.215767"}, "pk": 6, "model": "prix_marche.marche"}, {"fields": {"nom_marche": "Coteaux", "hauteur": "34.000000", "principale": false, "jour": "lundi", "limite": 115, "typemarche": 2, "coordonnees_x_y": "18.186450,-74.013117"}, "pk": 7, "model": "prix_marche.marche"}, {"fields": {"nom_marche": "Ile a Vache", "hauteur": "0.000000", "principale": false, "jour": "lundi", "limite": 2161, "typemarche": 2, "coordonnees_x_y": "18.0676084,-73.6359602"}, "pk": 8, "model": "prix_marche.marche"}, {"fields": {"nom_marche": "Port a Piment", "hauteur": "0.000000", "principale": false, "jour": "lundi", "limite": 116, "typemarche": 2, "coordonnees_x_y": "18.2502129,-74.096833"}, "pk": 9, "model": "prix_marche.marche"}, {"fields": {"nom_marche": "Roche a Bateau", "hauteur": "0.000000", "principale": false, "jour": "lundi", "limite": 117, "typemarche": 2, "coordonnees_x_y": "18.1817674,-74.002836"}, "pk": 10, "model": "prix_marche.marche"}, {"fields": {"nom_marche": "Ducis", "hauteur": "0.000000", "principale": false, "jour": "lundi", "limite": 104, "typemarche": 2, "coordonnees_x_y": "18.229931,-73.882767"}, "pk": 11, "model": "prix_marche.marche"}, {"fields": {"nom_marche": "Cavaillon(Ville)", "hauteur": "0.000000", "principale": false, "jour": "lundi", "limite": 114, "typemarche": 2, "coordonnees_x_y": null}, "pk": 12, "model": "prix_marche.marche"}, {"fields": {"nom_marche": "Vieux Bourg d'Aquin", "hauteur": "0.000000", "principale": false, "jour": "lundi", "limite": 2171, "typemarche": 2, "coordonnees_x_y": "18.2989852,-73.34286859999997"}, "pk": 14, "model": "prix_marche.marche"}, {"fields": {"nom_marche": "Jacmel(Ville)", "hauteur": "0.000000", "principale": true, "jour": "samedi", "limite": 1876, "typemarche": 1, "coordonnees_x_y": "18.2430063,-72.5263984"}, "pk": 15, "model": "prix_marche.marche"}, {"fields": {"nom_marche": "Belle Anse (Mapou)", "hauteur": "0.000000", "principale": false, "jour": "mercredi", "limite": 1920, "typemarche": 2, "coordonnees_x_y": "18.254167,-71.957833"}, "pk": 16, "model": "prix_marche.marche"}, {"fields": {"nom_marche": "Marigot(Peredo)", "hauteur": "0.000000", "principale": false, "jour": "vendredi", "limite": 1887, "typemarche": 2, "coordonnees_x_y": "18.231858,-72.324869"}, "pk": 17, "model": "prix_marche.marche"}, {"fields": {"nom_marche": "Marigot(Seguin)", "hauteur": "0.000000", "principale": false, "jour": "samedi", "limite": 1890, "typemarche": 2, "coordonnees_x_y": "18.316620,-72.236292"}, "pk": 18, "model": "prix_marche.marche"}, {"fields": {"nom_marche": "Marigot(SavaneDubois)", "hauteur": "0.000000", "principale": false, "jour": "mercredi", "limite": 1887, "typemarche": 2, "coordonnees_x_y": "18.229412,-72.299120"}, "pk": 19, "model": "prix_marche.marche"}, {"fields": {"nom_marche": "Cote de Fer (Amazone)", "hauteur": "0.000000", "principale": false, "jour": "lundi", "limite": 1911, "typemarche": 2, "coordonnees_x_y": "18.277791,-73.021087"}, "pk": 20, "model": "prix_marche.marche"}, {"fields": {"nom_marche": "Cote de Fer (Boucan Belier)", "hauteur": "0.000000", "principale": false, "jour": "lundi", "limite": 1912, "typemarche": 2, "coordonnees_x_y": "18.2641197,-72.956391"}, "pk": 21, "model": "prix_marche.marche"}, {"fields": {"nom_marche": "Cote de Fer (GrisGris)", "hauteur": "0.000000", "principale": false, "jour": "lundi", "limite": 1908, "typemarche": 2, "coordonnees_x_y": "18.217144,-72.984695"}, "pk": 22, "model": "prix_marche.marche"}, {"fields": {"nom_marche": "Thiotte(Ville)", "hauteur": "0.000000", "principale": false, "jour": "lundi", "limite": 1922, "typemarche": 2, "coordonnees_x_y": "18.243655,-71.842074"}, "pk": 23, "model": "prix_marche.marche"}, {"fields": {"nom_marche": "Anse a Pitre (Ville)", "hauteur": "0.000000", "principale": false, "jour": "lundi", "limite": 1924, "typemarche": 2, "coordonnees_x_y": "18.042018,-71.756726"}, "pk": 24, "model": "prix_marche.marche"}, {"fields": {"nom_marche": "Belle Anse (Baie d'Orange)", "hauteur": "0.000000", "principale": false, "jour": "lundi", "limite": 1914, "typemarche": 2, "coordonnees_x_y": "18.288425,-72.163794"}, "pk": 25, "model": "prix_marche.marche"}, {"fields": {"nom_marche": "Cayes Jacmel(Ville)", "hauteur": "0.000000", "principale": false, "jour": "lundi", "limite": 1892, "typemarche": 2, "coordonnees_x_y": "18.2314237,-72.395484"}, "pk": 26, "model": "prix_marche.marche"}, {"fields": {"nom_marche": "Bainet(Blockhauss)", "hauteur": "0.000000", "principale": false, "jour": "mardi", "limite": 1901, "typemarche": 3, "coordonnees_x_y": "18.208515,-72.757584"}, "pk": 27, "model": "prix_marche.marche"}, {"fields": {"nom_marche": "Bainet(Ville)", "hauteur": "0.000000", "principale": false, "jour": "lundi", "limite": 1899, "typemarche": 2, "coordonnees_x_y": "18.179731,-72.763377"}, "pk": 28, "model": "prix_marche.marche"}, {"fields": {"nom_marche": "La Vall\u00e9e", "hauteur": "0.000000", "principale": false, "jour": "vendredi", "limite": 1896, "typemarche": 2, "coordonnees_x_y": "18.279153,-72.668333"}, "pk": 29, "model": "prix_marche.marche"}, {"fields": {"nom_marche": "Miragoane", "hauteur": "15.000000", "principale": false, "jour": "lundi", "limite": 2297, "typemarche": 1, "coordonnees_x_y": "18.439525,-73.086273"}, "pk": 30, "model": "prix_marche.marche"}, {"fields": {"nom_marche": "Fond des N\u00e8gres", "hauteur": "0.000000", "principale": true, "jour": "lundi", "limite": 2307, "typemarche": 3, "coordonnees_x_y": "18.360167,-73.237150"}, "pk": 31, "model": "prix_marche.marche"}, {"fields": {"nom_marche": "L'Asile", "hauteur": "0.000000", "principale": false, "jour": "lundi", "limite": 2317, "typemarche": 2, "coordonnees_x_y": "18.383033,-73.415867"}, "pk": 32, "model": "prix_marche.marche"}, {"fields": {"nom_marche": "Plaisance du Sud", "hauteur": "0.000000", "principale": false, "jour": "lundi", "limite": 2324, "typemarche": 2, "coordonnees_x_y": "18.429083,-73.598700"}, "pk": 33, "model": "prix_marche.marche"}, {"fields": {"nom_marche": "Paillant", "hauteur": "0.000000", "principale": false, "jour": "lundi", "limite": 2309, "typemarche": 2, "coordonnees_x_y": "18.422,-73.197"}, "pk": 34, "model": "prix_marche.marche"}, {"fields": {"nom_marche": "Arnaud", "hauteur": "88.000000", "principale": false, "jour": "lundi", "limite": 2321, "typemarche": 2, "coordonnees_x_y": "18.448017,-73.38905"}, "pk": 35, "model": "prix_marche.marche"}, {"fields": {"nom_marche": "Barad\u00e8res", "hauteur": "23.000000", "principale": false, "jour": "lundi", "limite": 2327, "typemarche": 2, "coordonnees_x_y": "18.482717,-73.638633"}, "pk": 36, "model": "prix_marche.marche"}, {"fields": {"nom_marche": "Petite Rivi\u00e8re des Nippes", "hauteur": "0.000000", "principale": false, "jour": "lundi", "limite": 2301, "typemarche": 2, "coordonnees_x_y": "18.483333,-73.250000"}, "pk": 37, "model": "prix_marche.marche"}, {"fields": {"nom_marche": "Anse \u00e0 Veau", "hauteur": "0.000000", "principale": false, "jour": "lundi", "limite": 2311, "typemarche": 2, "coordonnees_x_y": "18.516666,-73.350000"}, "pk": 38, "model": "prix_marche.marche"}, {"fields": {"nom_marche": "Petit Trou des Nippes", "hauteur": "5.000000", "principale": false, "jour": "lundi", "limite": 2314, "typemarche": 2, "coordonnees_x_y": "18.512600,-73.446233"}, "pk": 39, "model": "prix_marche.marche"}, {"fields": {"nom_marche": "Grand Boucan", "hauteur": "0.000000", "principale": false, "jour": "lundi", "limite": 2332, "typemarche": 2, "coordonnees_x_y": "18.5546801,-73.5910657"}, "pk": 40, "model": "prix_marche.marche"}, {"fields": {"nom_marche": "Gonaives(Ville)", "hauteur": "10.000000", "principale": true, "jour": "lundi", "limite": 2044, "typemarche": 1, "coordonnees_x_y": "19.4511496,-72.68015760000003"}, "pk": 41, "model": "prix_marche.marche"}, {"fields": {"nom_marche": "Ennery(Ville)", "hauteur": "0.000000", "principale": false, "jour": "lundi", "limite": 2049, "typemarche": 2, "coordonnees_x_y": "19.4823,-72.48109999"}, "pk": 42, "model": "prix_marche.marche"}, {"fields": {"nom_marche": "Verettes(Ville)", "hauteur": "51.000000", "principale": false, "jour": "lundi", "limite": 2075, "typemarche": 2, "coordonnees_x_y": "19.051633,-72.468650"}, "pk": 43, "model": "prix_marche.marche"}, {"fields": {"nom_marche": "Petite Rivi\u00e8re de l'Artibonite(Ville)", "hauteur": "66.000000", "principale": false, "jour": "lundi", "limite": 2088, "typemarche": 2, "coordonnees_x_y": "19.1225923,-72.4775904"}, "pk": 44, "model": "prix_marche.marche"}, {"fields": {"nom_marche": "L'Est\u00e8re", "hauteur": "24.000000", "principale": false, "jour": "lundi", "limite": 2053, "typemarche": 2, "coordonnees_x_y": "19.305494,-72.60846400000002"}, "pk": 45, "model": "prix_marche.marche"}, {"fields": {"nom_marche": "Cap Haitien", "hauteur": "5.000000", "principale": false, "jour": "lundi", "limite": 1927, "typemarche": 1, "coordonnees_x_y": "19.757656093456678,-72.2033134147888"}, "pk": 46, "model": "prix_marche.marche"}, {"fields": {"nom_marche": "Limonade(Ville)", "hauteur": "0.000000", "principale": false, "jour": "lundi", "limite": 1931, "typemarche": 2, "coordonnees_x_y": "19.6686032,-72.12680320000004"}, "pk": 47, "model": "prix_marche.marche"}, {"fields": {"nom_marche": "Ounaminthe (Ville)", "hauteur": "0.000000", "principale": false, "jour": "lundi", "limite": 2015, "typemarche": 1, "coordonnees_x_y": "19.5502778,-71.71627810000001"}, "pk": 48, "model": "prix_marche.marche"}, {"fields": {"description": "C\u00e9r\u00e9ale", "type_produit": "C\u00e9r\u00e9ale"}, "pk": 1, "model": "prix_marche.typeproduit"}, {"fields": {"description": "Fruits de Mer", "type_produit": "Fruits de Mer"}, "pk": 2, "model": "prix_marche.typeproduit"}, {"fields": {"description": "Viandes", "type_produit": "Viandes"}, "pk": 3, "model": "prix_marche.typeproduit"}, {"fields": {"description": "Mati\u00e8res Grasses", "type_produit": "Mati\u00e8res Grasses"}, "pk": 4, "model": "prix_marche.typeproduit"}, {"fields": {"description": "Produits Sucr\u00e9s", "type_produit": "Produits Sucr\u00e9s"}, "pk": 5, "model": "prix_marche.typeproduit"}, {"fields": {"description": "Denr\u00e9e", "type_produit": "Denr\u00e9e"}, "pk": 6, "model": "prix_marche.typeproduit"}, {"fields": {"description": "Fruits et L\u00e9gumes", "type_produit": "Fruits et L\u00e9gumes"}, "pk": 7, "model": "prix_marche.typeproduit"}, {"fields": {"description": "F\u00e9culents", "type_produit": "F\u00e9culents"}, "pk": 8, "model": "prix_marche.typeproduit"}, {"fields": {"description": "Autres", "type_produit": "Autres"}, "pk": 9, "model": "prix_marche.typeproduit"}, {"fields": {"marque": "Shella", "code_produit": "PLF-RS1", "origine": "Local", "nom_produit": "Riz Shella", "typeproduit": 1}, "pk": 1, "model": "prix_marche.produit"}, {"fields": {"marque": "Saline", "code_produit": "", "origine": "Locale", "nom_produit": "Riz Saline", "typeproduit": 1}, "pk": 2, "model": "prix_marche.produit"}, {"fields": {"marque": "Pois Rouge", "code_produit": "", "origine": "Locale", "nom_produit": "Pois Rouge", "typeproduit": 7}, "pk": 3, "model": "prix_marche.produit"}, {"fields": {"marque": "Pois Noir", "code_produit": "", "origine": "Locale", "nom_produit": "Pois Noir", "typeproduit": 7}, "pk": 4, "model": "prix_marche.produit"}, {"fields": {"marque": "Pois Inconnu", "code_produit": "", "origine": "Locale", "nom_produit": "Pois Inconnu", "typeproduit": 7}, "pk": 5, "model": "prix_marche.produit"}, {"fields": {"marque": "Pois Congo", "code_produit": "", "origine": "Locale", "nom_produit": "Pois Congo", "typeproduit": 7}, "pk": 6, "model": "prix_marche.produit"}, {"fields": {"marque": "", "code_produit": "", "origine": "Locale", "nom_produit": "Mais Moulu", "typeproduit": 1}, "pk": 7, "model": "prix_marche.produit"}, {"fields": {"marque": "Vita", "code_produit": "", "origine": "Importe", "nom_produit": "Spaghetti Vita", "typeproduit": 8}, "pk": 8, "model": "prix_marche.produit"}, {"fields": {"marque": "Gourmet", "code_produit": "", "origine": "Importe", "nom_produit": "Spaghetti Gourmet", "typeproduit": 8}, "pk": 9, "model": "prix_marche.produit"}, {"fields": {"marque": "Bongu", "code_produit": "", "origine": "Importe", "nom_produit": "Spaghetti Bongu", "typeproduit": 8}, "pk": 10, "model": "prix_marche.produit"}, {"fields": {"marque": "Pastelli", "code_produit": "", "origine": "Importe", "nom_produit": "Spaghetti Pastelli", "typeproduit": 8}, "pk": 11, "model": "prix_marche.produit"}, {"fields": {"marque": "", "code_produit": "", "origine": "Locale", "nom_produit": "Petit Mil (Moulu)", "typeproduit": 1}, "pk": 12, "model": "prix_marche.produit"}, {"fields": {"marque": "", "code_produit": "", "origine": "Locale", "nom_produit": "Petit Mil(engrain)", "typeproduit": 1}, "pk": 13, "model": "prix_marche.produit"}, {"fields": {"marque": "", "code_produit": "", "origine": "Locale", "nom_produit": "Pistache (gousse)", "typeproduit": 9}, "pk": 14, "model": "prix_marche.produit"}, {"fields": {"marque": "", "code_produit": "", "origine": "Locale", "nom_produit": "Pistache(decortique)", "typeproduit": 9}, "pk": 15, "model": "prix_marche.produit"}, {"fields": {"marque": "Jaune", "code_produit": "", "origine": "Locale", "nom_produit": "Igname", "typeproduit": 6}, "pk": 16, "model": "prix_marche.produit"}, {"fields": {"marque": "Ginen", "code_produit": "", "origine": "Locale", "nom_produit": "Igname ", "typeproduit": 6}, "pk": 17, "model": "prix_marche.produit"}, {"fields": {"marque": "", "code_produit": "", "origine": "Locale", "nom_produit": "Patate", "typeproduit": 9}, "pk": 18, "model": "prix_marche.produit"}, {"fields": {"marque": "", "code_produit": "", "origine": "Importe", "nom_produit": "Manioc", "typeproduit": 9}, "pk": 19, "model": "prix_marche.produit"}, {"fields": {"marque": "Musque", "code_produit": "", "origine": "Locale", "nom_produit": "Banane", "typeproduit": 9}, "pk": 20, "model": "prix_marche.produit"}, {"fields": {"marque": "Figue", "code_produit": "", "origine": "Locale", "nom_produit": "Banane", "typeproduit": 9}, "pk": 21, "model": "prix_marche.produit"}, {"fields": {"marque": "", "code_produit": "", "origine": "Locala", "nom_produit": "ArbrebVeritable", "typeproduit": 9}, "pk": 22, "model": "prix_marche.produit"}, {"fields": {"marque": "", "code_produit": "", "origine": "Locale", "nom_produit": "Orange", "typeproduit": 9}, "pk": 23, "model": "prix_marche.produit"}, {"fields": {"marque": "Frincique", "code_produit": "", "origine": "Locale", "nom_produit": "Mangue", "typeproduit": 9}, "pk": 24, "model": "prix_marche.produit"}, {"fields": {"marque": "Corne", "code_produit": "", "origine": "Locale", "nom_produit": "Mangue", "typeproduit": 9}, "pk": 25, "model": "prix_marche.produit"}, {"fields": {"marque": "", "code_produit": "", "origine": "Locale", "nom_produit": "Avocat", "typeproduit": 7}, "pk": 26, "model": "prix_marche.produit"}, {"fields": {"marque": "Bull", "code_produit": "", "origine": "Importe", "nom_produit": "Riz Bull", "typeproduit": 1}, "pk": 27, "model": "prix_marche.produit"}, {"fields": {"marque": "Mega", "code_produit": "", "origine": "Importe", "nom_produit": "Riz Mega", "typeproduit": 1}, "pk": 28, "model": "prix_marche.produit"}, {"fields": {"marque": "Bongu", "code_produit": "", "origine": "Importe", "nom_produit": "Riz Bongu", "typeproduit": 1}, "pk": 29, "model": "prix_marche.produit"}, {"fields": {"marque": "dis sou dis", "code_produit": "", "origine": "Importe", "nom_produit": "Riz dis sou dis", "typeproduit": 1}, "pk": 30, "model": "prix_marche.produit"}, {"fields": {"marque": "Madan lolo", "code_produit": "", "origine": "Importe", "nom_produit": "Riz Madan lolo", "typeproduit": 1}, "pk": 31, "model": "prix_marche.produit"}, {"fields": {"marque": "Gradoro", "code_produit": "", "origine": "Importe", "nom_produit": "Mais Moulu", "typeproduit": 9}, "pk": 32, "model": "prix_marche.produit"}, {"fields": {"marque": "Timalce", "code_produit": "", "origine": "Importe", "nom_produit": "Mais Moulu", "typeproduit": 1}, "pk": 33, "model": "prix_marche.produit"}, {"fields": {"marque": "", "code_produit": "", "origine": "Importe", "nom_produit": "Ble", "typeproduit": 1}, "pk": 34, "model": "prix_marche.produit"}, {"fields": {"marque": "Lakay", "code_produit": "", "origine": "Importe", "nom_produit": "Farine de Ble", "typeproduit": 9}, "pk": 35, "model": "prix_marche.produit"}, {"fields": {"marque": "Reine du Sud", "code_produit": "", "origine": "Importe", "nom_produit": "Farine de ble Reine du Sud", "typeproduit": 9}, "pk": 36, "model": "prix_marche.produit"}, {"fields": {"marque": "", "code_produit": "", "origine": "Importe", "nom_produit": "Pois Beure", "typeproduit": 7}, "pk": 37, "model": "prix_marche.produit"}, {"fields": {"marque": "Gourmet", "code_produit": "", "origine": "Importe", "nom_produit": "L'huile Gourmet", "typeproduit": 4}, "pk": 38, "model": "prix_marche.produit"}, {"fields": {"marque": "Bongu", "code_produit": "", "origine": "Importe", "nom_produit": "L'huile bongu", "typeproduit": 4}, "pk": 39, "model": "prix_marche.produit"}, {"fields": {"marque": "Mazola", "code_produit": "", "origine": "Importe", "nom_produit": "L'huile Mazola", "typeproduit": 4}, "pk": 40, "model": "prix_marche.produit"}, {"fields": {"marque": "Timalice", "code_produit": "", "origine": "Importe", "nom_produit": "L'huile Timalice", "typeproduit": 4}, "pk": 41, "model": "prix_marche.produit"}, {"fields": {"marque": "", "code_produit": "", "origine": "Importe", "nom_produit": "Sucre Blanc", "typeproduit": 9}, "pk": 42, "model": "prix_marche.produit"}, {"fields": {"marque": "Flech kann", "code_produit": "", "origine": "Importe", "nom_produit": "Sucre Creme Flech kann", "typeproduit": 9}, "pk": 43, "model": "prix_marche.produit"}, {"fields": {"marque": "D'or", "code_produit": "", "origine": "Importe", "nom_produit": "sucre creme d'or", "typeproduit": 9}, "pk": 44, "model": "prix_marche.produit"}, {"fields": {"description": "N/A", "niveau_offre": "Abondant"}, "pk": 1, "model": "prix_marche.niveauoffre"}, {"fields": {"description": "N/A", "niveau_offre": "Normal"}, "pk": 2, "model": "prix_marche.niveauoffre"}, {"fields": {"personne": 1, "actif": true}, "pk": 1, "model": "prix_marche.observateurprixmarche"}, {"fields": {"personne": 2, "actif": true}, "pk": 2, "model": "prix_marche.observateurprixmarche"}, {"fields": {"personne": 3, "actif": true}, "pk": 3, "model": "prix_marche.observateurprixmarche"}, {"fields": {"prix": "25.00", "marche": 4, "valider": false, "remarque": "", "unitemesure": 5, "produit": 2, "date_collecte": "2016-04-07T18:55:20.322Z", "observateurprixmarche": 3, "niveauoffre": null}, "pk": 1, "model": "prix_marche.observationdeprix"}, {"fields": {"prix": "77.78", "marche": 4, "valider": false, "remarque": "", "unitemesure": 5, "produit": 3, "date_collecte": "2016-04-07T20:17:31.845Z", "observateurprixmarche": 3, "niveauoffre": null}, "pk": 2, "model": "prix_marche.observationdeprix"}, {"fields": {"prix": "59.72", "marche": 4, "valider": false, "remarque": "", "unitemesure": 5, "produit": 4, "date_collecte": "2016-04-07T20:19:07.270Z", "observateurprixmarche": 3, "niveauoffre": null}, "pk": 3, "model": "prix_marche.observationdeprix"}, {"fields": {"prix": "16.66", "marche": 4, "valider": false, "remarque": "", "unitemesure": 5, "produit": 7, "date_collecte": "2016-04-07T20:25:24.319Z", "observateurprixmarche": 3, "niveauoffre": null}, "pk": 4, "model": "prix_marche.observationdeprix"}, {"fields": {"prix": "25.00", "marche": 4, "valider": false, "remarque": "", "unitemesure": 3, "produit": 8, "date_collecte": "2016-04-07T20:50:13.606Z", "observateurprixmarche": 3, "niveauoffre": null}, "pk": 5, "model": "prix_marche.observationdeprix"}]